Fx0,Fy0,Fz0,P,Tx0,Ty0,Tz0,Cx,Cy,Cz
7.090000,-2.540000,-9.670000,0.000000,-0.080000,-0.180000,0.140000,0.000000,0.000000,0.000000,